order_id,date_ordered
30d4dd5a-9c3e-434b-9004-596040beb17e,2026-03-11
7064e4f0-7054-4fa8-8ed2-10eee4eda565,2026-03-16
7d492d01-af03-4b05-a34c-7b0d9905571c,2026-03-15
19c1ac11-7eff-4d44-93a9-c389815f3db5,2026-03-14
0797c55f-ea8f-4079-85be-edf4cc37c559,2026-03-12
17853aba-8063-4f61-9b3c-45257eb86133,2026-03-13
0eb25feb-d48a-4af7-8003-21d1ce729056,2026-03-11
794ce5e5-d266-41a4-b534-c487e187257e,2026-03-11
dc14dbc8-8e34-40a1-8184-280080d81e37,2026-03-15
8a91192c-9d3c-4555-93aa-c6d75b753877,2026-03-13
db4c53ba-9110-4907-916d-754c149fd434,2026-03-10
b7590c26-fba2-41fd-bb96-0b7fb2bff898,2026-03-13
1a3af7bc-88f8-4b5e-8958-af8e6dfb8154,2026-03-12
1c6cd41f-f258-4475-9a5c-1faf3343b8e8,2026-03-14
6e85f8d6-b8c2-42b5-891d-af6b449266a4,2026-03-10
e46b2e31-a106-4b97-9542-023efccb193c,2026-03-14
4892b8af-ee10-4340-a99f-30f4a0a21055,2026-03-16
9daea0fc-e8d6-4034-a101-44767ea6d84f,2026-03-16
927725e9-aafb-431d-b8e0-dbf04e9e30c3,2026-03-16
ebed2d78-a385-4082-9c39-48607af02f08,2026-03-10
9e6aa969-c41b-4052-beaf-af7ea93840cb,2026-03-15
2141b888-a97e-439a-b5e9-67dabec2ddd2,2026-03-11
f557356e-e290-4fcb-896f-6ee751d0bd03,2026-03-13
d8774685-09d5-4346-b2c5-b283e8468180,2026-03-14
40d28d10-b086-476c-b4df-8233042d6690,2026-03-13
84fa73a8-f148-4af5-84bd-59f74a0ecbd6,2026-03-15
40d28d10-b086-476c-b4df-8233042d6690,2026-03-13
cb1ad4f0-4a44-448b-b98b-76110adb3678,2026-03-11
f1997da6-5e21-4619-bdc2-763fe8320c49,2026-03-13
0de9aac4-90b8-4be8-8417-94fc49bc5298,2026-03-10
977b8967-ebbc-46df-9f5f-7916145d6e62,2026-03-13
2141b888-a97e-439a-b5e9-67dabec2ddd2,2026-03-10
40d28d10-b086-476c-b4df-8233042d6690,2026-03-10
97bd0d24-5aa6-49e6-afbc-11fa4c42ec81,2026-03-13
0eb25feb-d48a-4af7-8003-21d1ce729056,2026-03-11
f13c15df-e6de-44d5-b393-7bca22b86e8b,2026-03-10
cb46a1f7-abab-4ea4-9e3a-2041404ecba0,2026-03-11
0a148406-1909-4dd9-8e4d-c7c3277173e7,2026-03-10
d2453ea6-bc0e-47ea-829b-6ee312f905cc,2026-03-10
d3a77e72-5997-49ad-9474-666fc8adc3c6,2026-03-10
2141b888-a97e-439a-b5e9-67dabec2ddd2,2026-03-16
ab8f4edf-13dd-4d5e-9388-ee59c619cf69,2026-03-13
c6f4b9d3-873f-43ac-89f3-cdc1a368f378,2026-03-13
2141b888-a97e-439a-b5e9-67dabec2ddd2,2026-03-16
ab8f4edf-13dd-4d5e-9388-ee59c619cf69,2026-03-16
c39070c8-fc66-40f2-84b6-a44e9b082d72,2026-03-13
15ea3219-7874-4785-a9f1-e7234ef8c1e3,2026-03-11
f13c15df-e6de-44d5-b393-7bca22b86e8b,2026-03-13
9d52f964-1ac2-444c-92b5-00058a23e091,2026-03-12
e7259aa5-6bbe-43af-bbdc-3daa9bce9753,2026-03-14
dd89f8a4-173d-474c-8c40-6f072b5b8c2a,2026-03-13
e46b2e31-a106-4b97-9542-023efccb193c,2026-03-10
d2453ea6-bc0e-47ea-829b-6ee312f905cc,2026-03-16
6855df85-a988-4a09-a7d8-671d9ae01a67,2026-03-11
dbb2e4d6-e66a-4c01-8454-964b253d2be3,2026-03-15
7aca7619-fd8c-4e38-9aed-775df24d69ef,2026-03-11
f13c15df-e6de-44d5-b393-7bca22b86e8b,2026-03-12
b3018dbd-3a91-416c-bebd-9a99ca05199b,2026-03-14
0eb25feb-d48a-4af7-8003-21d1ce729056,2026-03-12
cb1ad4f0-4a44-448b-b98b-76110adb3678,2026-03-16
c27a669c-a98c-4c94-9bb4-d50e66b80807,2026-03-13
1a12d7a1-dea1-4076-833a-759da72b243b,2026-03-13
15ea3219-7874-4785-a9f1-e7234ef8c1e3,2026-03-15
794ce5e5-d266-41a4-b534-c487e187257e,2026-03-12
6070583d-0b8e-4fb7-bff2-68ddb614bdf5,2026-03-10
8a91192c-9d3c-4555-93aa-c6d75b753877,2026-03-15
2141b888-a97e-439a-b5e9-67dabec2ddd2,2026-03-13
d2d08fb0-a648-48cd-929c-26ee164d51f9,2026-03-13
0a148406-1909-4dd9-8e4d-c7c3277173e7,2026-03-15
dd89f8a4-173d-474c-8c40-6f072b5b8c2a,2026-03-16
4b3ef5e2-03dd-431a-a779-190494a00b44,2026-03-14
f1997da6-5e21-4619-bdc2-763fe8320c49,2026-03-12
bb0dff8f-4c5a-46e7-950c-3b9a50bcfb90,2026-03-14
f1997da6-5e21-4619-bdc2-763fe8320c49,2026-03-12
99c0dabf-f193-4067-8ed0-87f63298e648,2026-03-12
d7aa1d3e-ed0e-44c1-87c1-6b1c215b979b,2026-03-13
9daea0fc-e8d6-4034-a101-44767ea6d84f,2026-03-15
686ab3b6-d656-459d-879d-7f1a43562c65,2026-03-10
7aca7619-fd8c-4e38-9aed-775df24d69ef,2026-03-10
2a454872-a764-4ecb-9818-e0ebfe7ff40a,2026-03-13
d0c54464-dcff-482f-9748-abb64a4b5251,2026-03-14
6070583d-0b8e-4fb7-bff2-68ddb614bdf5,2026-03-14
9dd2a3ea-ef3a-40de-999c-03db8bdee1b3,2026-03-10
db4c53ba-9110-4907-916d-754c149fd434,2026-03-11
b7590c26-fba2-41fd-bb96-0b7fb2bff898,2026-03-12
d8774685-09d5-4346-b2c5-b283e8468180,2026-03-14
76e48bc1-b98a-4806-add7-5b2a847c0127,2026-03-16
c64ad09d-40a8-48ad-97d1-7fa3a851984b,2026-03-14
9377c03f-2dd5-4d07-9c52-63b33c730b3d,2026-03-10
0a148406-1909-4dd9-8e4d-c7c3277173e7,2026-03-12
0797c55f-ea8f-4079-85be-edf4cc37c559,2026-03-14
9d52f964-1ac2-444c-92b5-00058a23e091,2026-03-13
67ca3e8c-edc5-40ef-a169-9a03c4335b1c,2026-03-15
d3a77e72-5997-49ad-9474-666fc8adc3c6,2026-03-15
30d4dd5a-9c3e-434b-9004-596040beb17e,2026-03-13
4b3ef5e2-03dd-431a-a779-190494a00b44,2026-03-12
fa280817-9bbb-4a3a-a0fc-c2da359d5345,2026-03-13
b10e59e8-b97e-44ed-b1e9-73f0d5c70e88,2026-03-13
c6f4b9d3-873f-43ac-89f3-cdc1a368f378,2026-03-12
17853aba-8063-4f61-9b3c-45257eb86133,2026-03-11
